day,result,compared_to
2026-09-12,unchanged,2026-09-11
2026-09-13,unchanged,2026-09-11
2026-09-14,unchanged,2026-09-11
2026-09-15,unchanged,2026-09-11
2026-09-16,unchanged,2026-09-11
2026-09-17,unchanged,2026-09-11
2026-09-18,unchanged,2026-09-11
2026-09-19,unchanged,2026-09-11
2026-09-20,unchanged,2026-09-11
2026-09-21,unchanged,2026-09-11
2026-09-22,unchanged,2026-09-11
2026-09-23,unchanged,2026-09-11
2026-09-24,unchanged,2026-09-11
2026-09-25,unchanged,2026-09-11
2026-09-26,unchanged,2026-09-11
2026-09-27,unchanged,2026-09-11
2026-09-28,unchanged,2026-09-11
2026-09-29,unchanged,2026-09-11
2026-09-30,unchanged,2026-09-11
2026-10-01,unchanged,2026-09-11
2026-10-02,unchanged,2026-09-11
2026-10-03,unchanged,2026-09-11
2026-10-04,unchanged,2026-09-11
2026-10-05,unchanged,2026-09-11
